Workbook

Sheet Title Page
A1: Title: | B1: Electron Diffraction
A3: Name
A4: UCID
A5: Name
A6: UCID
A7: Name
A8: UCID
A9: Name
A10: UCID
A12: Lab TA
A14: Date

Sheet Data
D1: Value | E1: Uncertainty
A2: Target-Screen Distance B
A3: Unit of B | D3: m | E3: m
A4: Radius of the Bulb R
A5: Unit of R | D5: m | E5: m
A8: Inner Ring
A9: alternating voltage Va (V) | B9: u( Va) (V) | C9: ring radius H (m) | D9: u(H) (m) | E9: plane-screen distance X (m) | F9: u(X) (m) | G9: diffraction path length A (m) | H9: u(A) (m)
A10: 5030 | E10: =$D$4-SQRT($D$4^2-C10^2) -> 0 | F10: =SQRT((1-$D$4/SQRT($D$4^2-C10^2))^2*$E$4^2+(C10/SQRT($D$4^2-C10^2))^2*D10^2) -> #DIV/0! | G10: =SQRT(C10^2+($D$2-E10)^2) -> 0 | I10: =G10/SQRT(A10) -> 0
A11: 4760 | E11: =$D$4-SQRT($D$4^2-C11^2) -> 0 | F11: =SQRT((1-$D$4/SQRT($D$4^2-C11^2))^2*$E$4^2+(C11/SQRT($D$4^2-C11^2))^2*D11^2) -> #DIV/0! | G11: =SQRT(C11^2+($D$2-E11)^2) -> 0 | I11: =G11/SQRT(A11) -> 0
A12: 4500 | E12: =$D$4-SQRT($D$4^2-C12^2) -> 0 | F12: =SQRT((1-$D$4/SQRT($D$4^2-C12^2))^2*$E$4^2+(C12/SQRT($D$4^2-C12^2))^2*D12^2) -> #DIV/0! | G12: =SQRT(C12^2+($D$2-E12)^2) -> 0 | I12: =G12/SQRT(A12) -> 0
A13: 4010 | E13: =$D$4-SQRT($D$4^2-C13^2) -> 0 | F13: =SQRT((1-$D$4/SQRT($D$4^2-C13^2))^2*$E$4^2+(C13/SQRT($D$4^2-C13^2))^2*D13^2) -> #DIV/0! | G13: =SQRT(C13^2+($D$2-E13)^2) -> 0 | I13: =G13/SQRT(A13) -> 0
A14: 3500 | E14: =$D$4-SQRT($D$4^2-C14^2) -> 0 | F14: =SQRT((1-$D$4/SQRT($D$4^2-C14^2))^2*$E$4^2+(C14/SQRT($D$4^2-C14^2))^2*D14^2) -> #DIV/0! | G14: =SQRT(C14^2+($D$2-E14)^2) -> 0 | I14: =G14/SQRT(A14) -> 0
A15: 3100 | E15: =$D$4-SQRT($D$4^2-C15^2) -> 0 | F15: =SQRT((1-$D$4/SQRT($D$4^2-C15^2))^2*$E$4^2+(C15/SQRT($D$4^2-C15^2))^2*D15^2) -> #DIV/0! | G15: =SQRT(C15^2+($D$2-E15)^2) -> 0 | I15: =G15/SQRT(A15) -> 0
A17: Outer Ring
A18: alternating voltage Va (V) | B18: u( Va) (V) | C18: ring radius H (m) | D18: u(H) (m) | E18: plane-screen distance X (m) | F18: u(X) (m) | G18: diffraction path length A (m) | H18: u(A) (m)
A19: 5030 | E19: =$D$4-SQRT($D$4^2-C19^2) -> 0 | F19: =SQRT((1-$D$4/SQRT($D$4^2-C19^2))^2*$E$4^2+(C10/SQRT($D$4^2-C10^2))^2*D19^2) -> #DIV/0! | G19: =SQRT(C19^2+($D$2-E19)^2) -> 0 | I19: =G19/SQRT(A19) -> 0
A20: 4760 | E20: =$D$4-SQRT($D$4^2-C20^2) -> 0 | F20: =SQRT((1-$D$4/SQRT($D$4^2-C20^2))^2*$E$4^2+(C11/SQRT($D$4^2-C11^2))^2*D20^2) -> #DIV/0! | G20: =SQRT(C20^2+($D$2-E20)^2) -> 0 | I20: =G20/SQRT(A20) -> 0
A21: 4500 | E21: =$D$4-SQRT($D$4^2-C21^2) -> 0 | F21: =SQRT((1-$D$4/SQRT($D$4^2-C21^2))^2*$E$4^2+(C12/SQRT($D$4^2-C12^2))^2*D21^2) -> #DIV/0! | G21: =SQRT(C21^2+($D$2-E21)^2) -> 0 | I21: =G21/SQRT(A21) -> 0
A22: 4010 | E22: =$D$4-SQRT($D$4^2-C22^2) -> 0 | F22: =SQRT((1-$D$4/SQRT($D$4^2-C22^2))^2*$E$4^2+(C13/SQRT($D$4^2-C13^2))^2*D22^2) -> #DIV/0! | G22: =SQRT(C22^2+($D$2-E22)^2) -> 0 | I22: =G22/SQRT(A22) -> 0
A23: 3500 | E23: =$D$4-SQRT($D$4^2-C23^2) -> 0 | F23: =SQRT((1-$D$4/SQRT($D$4^2-C23^2))^2*$E$4^2+(C14/SQRT($D$4^2-C14^2))^2*D23^2) -> #DIV/0! | G23: =SQRT(C23^2+($D$2-E23)^2) -> 0 | I23: =G23/SQRT(A23) -> 0
A24: 3100 | E24: =$D$4-SQRT($D$4^2-C24^2) -> 0 | F24: =SQRT((1-$D$4/SQRT($D$4^2-C24^2))^2*$E$4^2+(C15/SQRT($D$4^2-C15^2))^2*D24^2) -> #DIV/0! | G24: =SQRT(C24^2+($D$2-E24)^2) -> 0 | I24: =G24/SQRT(A24) -> 0
A27: Determine which ring corresponds to which lattice constants (da or db)
A36: Derive u(X) based on uncertainty of R and H
A37: equation with sample calculation:
A45: Derive u(A) based on uncertainty of H, B and X
A46: equation with sample calculation: show that
A53: Derive u(A/sqrt(Va)) based on uncertainty of A and Va

Sheet Graphs and Analysis
B2: Graph will update automatically! Please add proper unit and adjust the axis range
B3: Inner Ring: Graph of fitting with uncertainties H versus
J6: CALCULATIONS | L6: 1/sigma^2 | M6: This is similar to fit with uncertainty.
J7: Slope | K7: =SLOPE(Data!$I$10:$I$15, Data!$C$10:$C$15) -> #DIV/0! | L7: =IF((Data!J10^2+(Data!D10*$K$7)^2)>0,1/(Data!J10^2+(Data!D10*$K$7)^2),"#N/A") -> #DIV/0! | M7: Please do not edit this part!
J8: Delta | K8: =SUM($L$7:$L$12)*SUMPRODUCT($L$7:$L$12,Data!$C$10:$C$15,Data!$C$10:$C$15)-(SUMPRODUCT($L$7:$L$12,Data!$C$10:$C$15))^2 -> #DIV/0! | L8: =IF((Data!J11^2+(Data!D11*$K$7)^2)>0,1/(Data!J11^2+(Data!D11*$K$7)^2),"#N/A") -> #DIV/0!
L9: =IF((Data!J12^2+(Data!D12*$K$7)^2)>0,1/(Data!J12^2+(Data!D12*$K$7)^2),"#N/A") -> #DIV/0!
L10: =IF((Data!J13^2+(Data!D13*$K$7)^2)>0,1/(Data!J13^2+(Data!D13*$K$7)^2),"#N/A") -> #DIV/0!
L11: =IF((Data!J14^2+(Data!D14*$K$7)^2)>0,1/(Data!J14^2+(Data!D14*$K$7)^2),"#N/A") -> #DIV/0!
L12: =IF((Data!J15^2+(Data!D15*$K$7)^2)>0,1/(Data!J15^2+(Data!D15*$K$7)^2),"#N/A") -> #DIV/0!
J19: Analytic method y=mx+b
K20: m | L20: b
J21: value | K21: =(SUM($L$7:$L$12)*SUMPRODUCT(Data!$I$10:$I$15,Data!$C$10:$C$15,$L$7:$L$12)-SUMPRODUCT(Data!$C$10:$C$15,$L$7:$L$12)*SUMPRODUCT(Data!$I$10:$I$15,$L$7:$L$12))/$K$8 -> #DIV/0! | L21: =(SUMPRODUCT(Data!$C$10:$C$15,Data!$C$10:$C$15,$L$7:$L$12)*SUMPRODUCT(Data!$I$10:$I$15,$L$7:$L$12)-SUMPRODUCT(Data!$C$10:$C$15,$L$7:$L$12)*SUMPRODUCT(Data!$C$10:$C$15,Data!$I$10:$I$15,$L$7:$L$12))/$K$8 -> #DIV/0!
J22: uncertainty | K22: =SQRT(SUM($L$7:$L$12)/$K$8) -> #DIV/0! | L22: =SQRT(SUMPRODUCT(Data!$C$10:$C$15,Data!$C$10:$C$15,$L$7:$L$12)/$K$8) -> #DIV/0!
J23: Warnings | K23: =IF(SUM(X:X)>0,"WARNING: large uncertainty in x. Consider swapping x and y.",IF(COUNTA($L$7:$L$16)<COUNTA(Data!$C$10:$C$15),"WARNING: you must unprotect the sheet and then extend columns S and T to at least the length of the data array.","OK")) -> OK
B32: Graph will update automatically! Please add proper unit and adjust the axis range
B33: Outer Ring: Graph of fitting with uncertainties H versus
J36: CALCULATIONS | L36: 1/sigma^2 | M36: This is similar to fit with uncertainty.
J37: Slope | K37: =SLOPE(Data!$I$19:$I$24, Data!$C$19:$C$24) -> #DIV/0! | L37: =IF((Data!J19^2+(Data!D19*$K$37)^2)>0,1/(Data!J19^2+(Data!D19*$K$37)^2),"#N/A") -> #DIV/0! | M37: Please do not edit this part!
J38: Delta | K38: =SUM($L$37:$L$42)*SUMPRODUCT($L$37:$L$42,Data!$C$19:$C$24,Data!$C$19:$C$24)-(SUMPRODUCT($L$37:$L$42,Data!$C$19:$C$24))^2 -> #DIV/0! | L38: =IF((Data!J20^2+(Data!D20*$K$37)^2)>0,1/(Data!J20^2+(Data!D20*$K$37)^2),"#N/A") -> #DIV/0!
L39: =IF((Data!J21^2+(Data!D21*$K$37)^2)>0,1/(Data!J21^2+(Data!D21*$K$37)^2),"#N/A") -> #DIV/0!
L40: =IF((Data!J22^2+(Data!D22*$K$37)^2)>0,1/(Data!J22^2+(Data!D22*$K$37)^2),"#N/A") -> #DIV/0!
L41: =IF((Data!J23^2+(Data!D23*$K$37)^2)>0,1/(Data!J23^2+(Data!D23*$K$37)^2),"#N/A") -> #DIV/0!
L42: =IF((Data!J24^2+(Data!D24*$K$37)^2)>0,1/(Data!J24^2+(Data!D24*$K$37)^2),"#N/A") -> #DIV/0!
J49: Analytic method y=mx+b
K50: m | L50: b
J51: value | K51: =(SUM($L$37:$L$42)*SUMPRODUCT(Data!$I$19:$I$24,Data!$C$19:$C$24,$L$37:$L$42)-SUMPRODUCT(Data!$C$19:$C$24,$L$37:$L$42)*SUMPRODUCT(Data!$I$19:$I$24,$L$37:$L$42))/$K$38 -> #DIV/0! | L51: =(SUMPRODUCT(Data!$C$19:$C$24,Data!$C$19:$C$24,$L$37:$L$42)*SUMPRODUCT(Data!$I$19:$I$24,$L$37:$L$42)-SUMPRODUCT(Data!$C$19:$C$24,$L$37:$L$42)*SUMPRODUCT(Data!$C$19:$C$24,Data!$I$19:$I$24,$L$37:$L$42))/$K$38 -> #DIV/0!
J52: uncertainty | K52: =SQRT(SUM($L$37:$L$42)/$K$38) -> #DIV/0! | L52: =SQRT(SUMPRODUCT(Data!$C$19:$C$24,Data!$C$19:$C$24,$L$37:$L$42)/$K$8) -> #DIV/0!
J53: Warnings | K53: =IF(SUM(X:X)>0,"WARNING: large uncertainty in x. Consider swapping x and y.",IF(COUNTA($L$37:$L$46)<COUNTA(Data!$C$19:$C$24),"WARNING: you must unprotect the sheet and then extend columns S and T to at least the length of the data array.","OK")) -> OK
A63: Determine lattice constant da of carbon film with uncertainty derivation
A76: Determine lattice constant db of carbon film with uncertainty derivation
A89: Compare calculated lattice constants with theoretical ones

Sheet Error Source
A1: Discussion: Sources of Error
